Controller.Micro830.Micro830.__SYSVA_ABORT_CYCLE	
Controller.Micro830.Micro830.__SYSVA_CCEXEC	
Controller.Micro830.Micro830.__SYSVA_CYCLECNT	
Controller.Micro830.Micro830.__SYSVA_CYCLEDATE	
Controller.Micro830.Micro830.__SYSVA_FIRST_SCAN	
Controller.Micro830.Micro830.__SYSVA_KVBCERR	
Controller.Micro830.Micro830.__SYSVA_KVBPERR	
Controller.Micro830.Micro830.__SYSVA_MAJ_ERR_HALT	
Controller.Micro830.Micro830.__SYSVA_POWERUP_BIT	
Controller.Micro830.Micro830.__SYSVA_PROJ_INCOMPLETE	
Controller.Micro830.Micro830.__SYSVA_REMOTE	
Controller.Micro830.Micro830.__SYSVA_RESMODE	
Controller.Micro830.Micro830.__SYSVA_RESNAME	
Controller.Micro830.Micro830.__SYSVA_SCANCNT	
Controller.Micro830.Micro830.__SYSVA_SUSPEND_ID	
Controller.Micro830.Micro830.__SYSVA_TCYCURRENT	
Controller.Micro830.Micro830.__SYSVA_TCYCYCTIME	
Controller.Micro830.Micro830.__SYSVA_TCYMAXIMUM	
Controller.Micro830.Micro830.__SYSVA_TCYOVERFLOW	
Controller.Micro830.Micro830.__SYSVA_TCYWDG	
Controller.Micro830.Micro830.__SYSVA_USER_DATA_LOST	
Controller.Micro830.Micro830._IO_EM_DI_00	
Controller.Micro830.Micro830._IO_EM_DI_01	
Controller.Micro830.Micro830._IO_EM_DI_02	
Controller.Micro830.Micro830._IO_EM_DI_03	
Controller.Micro830.Micro830._IO_EM_DI_04	
Controller.Micro830.Micro830._IO_EM_DI_05	
Controller.Micro830.Micro830._IO_EM_DI_06	
Controller.Micro830.Micro830._IO_EM_DI_07	
Controller.Micro830.Micro830._IO_EM_DI_08	
Controller.Micro830.Micro830._IO_EM_DI_09	
Controller.Micro830.Micro830._IO_EM_DI_10	
Controller.Micro830.Micro830._IO_EM_DI_11	
Controller.Micro830.Micro830._IO_EM_DI_12	
Controller.Micro830.Micro830._IO_EM_DI_13	
Controller.Micro830.Micro830._IO_EM_DI_14	
Controller.Micro830.Micro830._IO_EM_DI_15	
Controller.Micro830.Micro830._IO_EM_DI_16	
Controller.Micro830.Micro830._IO_EM_DI_17	
Controller.Micro830.Micro830._IO_EM_DI_18	
Controller.Micro830.Micro830._IO_EM_DI_19	
Controller.Micro830.Micro830._IO_EM_DI_20	
Controller.Micro830.Micro830._IO_EM_DI_21	
Controller.Micro830.Micro830._IO_EM_DI_22	
Controller.Micro830.Micro830._IO_EM_DI_23	
Controller.Micro830.Micro830._IO_EM_DI_24	
Controller.Micro830.Micro830._IO_EM_DI_25	
Controller.Micro830.Micro830._IO_EM_DI_26	
Controller.Micro830.Micro830._IO_EM_DI_27	
Controller.Micro830.Micro830._IO_EM_DO_00	
Controller.Micro830.Micro830._IO_EM_DO_01	
Controller.Micro830.Micro830._IO_EM_DO_02	
Controller.Micro830.Micro830._IO_EM_DO_03	
Controller.Micro830.Micro830._IO_EM_DO_04	
Controller.Micro830.Micro830._IO_EM_DO_05	
Controller.Micro830.Micro830._IO_EM_DO_06	
Controller.Micro830.Micro830._IO_EM_DO_07	
Controller.Micro830.Micro830._IO_EM_DO_08	
Controller.Micro830.Micro830._IO_EM_DO_09	
Controller.Micro830.Micro830._IO_EM_DO_10	
Controller.Micro830.Micro830._IO_EM_DO_11	
Controller.Micro830.Micro830._IO_EM_DO_12	
Controller.Micro830.Micro830._IO_EM_DO_13	
Controller.Micro830.Micro830._IO_EM_DO_14	
Controller.Micro830.Micro830._IO_EM_DO_15	
Controller.Micro830.Micro830._IO_EM_DO_16	
Controller.Micro830.Micro830._IO_EM_DO_17	
Controller.Micro830.Micro830._IO_EM_DO_18	
Controller.Micro830.Micro830._IO_EM_DO_19	
Controller.Micro830.Micro830.Main.CutterLogic_1.button_IN	
Controller.Micro830.Micro830.Main.CutterLogic_1.Dir_OUT	
Controller.Micro830.Micro830.Main.CutterLogic_1.F_TRIG_1.CLK	
Controller.Micro830.Micro830.Main.CutterLogic_1.F_TRIG_1.Fedge	
Controller.Micro830.Micro830.Main.CutterLogic_1.F_TRIG_1.Q	
Controller.Micro830.Micro830.Main.CutterLogic_1.F_TRIG_2.CLK	
Controller.Micro830.Micro830.Main.CutterLogic_1.F_TRIG_2.Fedge	
Controller.Micro830.Micro830.Main.CutterLogic_1.F_TRIG_2.Q	
Controller.Micro830.Micro830.Main.CutterLogic_1.F_TRIG_3.CLK	
Controller.Micro830.Micro830.Main.CutterLogic_1.F_TRIG_3.Fedge	
Controller.Micro830.Micro830.Main.CutterLogic_1.F_TRIG_3.Q	
Controller.Micro830.Micro830.Main.CutterLogic_1.Power_OUT	
Controller.Micro830.Micro830.Main.CutterLogic_1.TOF_1.ET	
Controller.Micro830.Micro830.Main.CutterLogic_1.TOF_1.Fedge	
Controller.Micro830.Micro830.Main.CutterLogic_1.TOF_1.IN	
Controller.Micro830.Micro830.Main.CutterLogic_1.TOF_1.Pdate	
Controller.Micro830.Micro830.Main.CutterLogic_1.TOF_1.PT	
Controller.Micro830.Micro830.Main.CutterLogic_1.TOF_1.Q	
Controller.Micro830.Micro830.Main.CutterLogic_1.TOF_2.ET	
Controller.Micro830.Micro830.Main.CutterLogic_1.TOF_2.Fedge	
Controller.Micro830.Micro830.Main.CutterLogic_1.TOF_2.IN	
Controller.Micro830.Micro830.Main.CutterLogic_1.TOF_2.Pdate	
Controller.Micro830.Micro830.Main.CutterLogic_1.TOF_2.PT	
Controller.Micro830.Micro830.Main.CutterLogic_1.TOF_2.Q	
Controller.Micro830.Micro830.Main.DoorLockLogic_1.DoorIsUnlocked	
Controller.Micro830.Micro830.Main.DoorLockLogic_1.DoorLock_buttonIn	
Controller.Micro830.Micro830.Main.DoorLockLogic_1.DoorLock_Direction	
Controller.Micro830.Micro830.Main.DoorLockLogic_1.DoorLock_Fire	
Controller.Micro830.Micro830.Main.DoorLockLogic_1.DoorLock_Locked	
Controller.Micro830.Micro830.Main.DoorLockLogic_1.R_TRIG_1.CLK	
Controller.Micro830.Micro830.Main.DoorLockLogic_1.R_TRIG_1.Q	
Controller.Micro830.Micro830.Main.DoorLockLogic_1.R_TRIG_1.Redge	
Controller.Micro830.Micro830.Main.DoorLockLogic_1.RisingEdge	
Controller.Micro830.Micro830.Main.DoorLockLogic_1.TON_1.ET	
Controller.Micro830.Micro830.Main.DoorLockLogic_1.TON_1.IN	
Controller.Micro830.Micro830.Main.DoorLockLogic_1.TON_1.Pdate	
Controller.Micro830.Micro830.Main.DoorLockLogic_1.TON_1.PT	
Controller.Micro830.Micro830.Main.DoorLockLogic_1.TON_1.Q	
Controller.Micro830.Micro830.Main.DoorLockLogic_1.TON_1.Redge	
Controller.Micro830.Micro830.Main.DoubleOR_1.IN1A	
Controller.Micro830.Micro830.Main.DoubleOR_1.IN1B	
Controller.Micro830.Micro830.Main.DoubleOR_1.IN2A	
Controller.Micro830.Micro830.Main.DoubleOR_1.IN2B	
Controller.Micro830.Micro830.Main.DoubleOR_1.OUT1	
Controller.Micro830.Micro830.Main.DoubleOR_1.OUT2	
Controller.Micro830.Micro830.Main.DoubleOR_2.IN1A	
Controller.Micro830.Micro830.Main.DoubleOR_2.IN1B	
Controller.Micro830.Micro830.Main.DoubleOR_2.IN2A	
Controller.Micro830.Micro830.Main.DoubleOR_2.IN2B	
Controller.Micro830.Micro830.Main.DoubleOR_2.OUT1	
Controller.Micro830.Micro830.Main.DoubleOR_2.OUT2	
Controller.Micro830.Micro830.Main.DoubleOR_3.IN1A	
Controller.Micro830.Micro830.Main.DoubleOR_3.IN1B	
Controller.Micro830.Micro830.Main.DoubleOR_3.IN2A	
Controller.Micro830.Micro830.Main.DoubleOR_3.IN2B	
Controller.Micro830.Micro830.Main.DoubleOR_3.OUT1	
Controller.Micro830.Micro830.Main.DoubleOR_3.OUT2	
Controller.Micro830.Micro830.Main.DoubleOR_4.IN1A	
Controller.Micro830.Micro830.Main.DoubleOR_4.IN1B	
Controller.Micro830.Micro830.Main.DoubleOR_4.IN2A	
Controller.Micro830.Micro830.Main.DoubleOR_4.IN2B	
Controller.Micro830.Micro830.Main.DoubleOR_4.OUT1	
Controller.Micro830.Micro830.Main.DoubleOR_4.OUT2	
Controller.Micro830.Micro830.Main.F_TRIG_1.CLK	
Controller.Micro830.Micro830.Main.F_TRIG_1.Fedge	
Controller.Micro830.Micro830.Main.F_TRIG_1.Q	
Controller.Micro830.Micro830.Main.HeadlightLogic_1.F_TRIG_1.CLK	
Controller.Micro830.Micro830.Main.HeadlightLogic_1.F_TRIG_1.Fedge	
Controller.Micro830.Micro830.Main.HeadlightLogic_1.F_TRIG_1.Q	
Controller.Micro830.Micro830.Main.HeadlightLogic_1.Headlight_buttonIn	
Controller.Micro830.Micro830.Main.HeadlightLogic_1.Highbeams	
Controller.Micro830.Micro830.Main.HeadlightLogic_1.Lights_ON	
Controller.Micro830.Micro830.Main.HeadlightLogic_1.Lowbeams	
Controller.Micro830.Micro830.Main.HeadlightLogic_1.OUT_Highbeams	
Controller.Micro830.Micro830.Main.HeadlightLogic_1.OUT_Lowbeams	
Controller.Micro830.Micro830.Main.HeadlightLogic_1.R_TRIG_1.CLK	
Controller.Micro830.Micro830.Main.HeadlightLogic_1.R_TRIG_1.Q	
Controller.Micro830.Micro830.Main.HeadlightLogic_1.R_TRIG_1.Redge	
Controller.Micro830.Micro830.Main.HeadlightLogic_1.RisingEdge	
Controller.Micro830.Micro830.Main.HeadlightLogic_1.TON_1.ET	
Controller.Micro830.Micro830.Main.HeadlightLogic_1.TON_1.IN	
Controller.Micro830.Micro830.Main.HeadlightLogic_1.TON_1.Pdate	
Controller.Micro830.Micro830.Main.HeadlightLogic_1.TON_1.PT	
Controller.Micro830.Micro830.Main.HeadlightLogic_1.TON_1.Q	
Controller.Micro830.Micro830.Main.HeadlightLogic_1.TON_1.Redge	
Controller.Micro830.Micro830.Main.HeadlightLogic_1.WaitUntilNextCycle	
Controller.Micro830.Micro830.Main.Highbeams	
Controller.Micro830.Micro830.Main.HumidorLogic_2.button_IN	
Controller.Micro830.Micro830.Main.HumidorLogic_2.Closed	
Controller.Micro830.Micro830.Main.HumidorLogic_2.Dir_OUT	
Controller.Micro830.Micro830.Main.HumidorLogic_2.DisengagePower	
Controller.Micro830.Micro830.Main.HumidorLogic_2.EngagePower	
Controller.Micro830.Micro830.Main.HumidorLogic_2.F_TRIG_1.CLK	
Controller.Micro830.Micro830.Main.HumidorLogic_2.F_TRIG_1.Fedge	
Controller.Micro830.Micro830.Main.HumidorLogic_2.F_TRIG_1.Q	
Controller.Micro830.Micro830.Main.HumidorLogic_2.F_TRIG_2.CLK	
Controller.Micro830.Micro830.Main.HumidorLogic_2.F_TRIG_2.Fedge	
Controller.Micro830.Micro830.Main.HumidorLogic_2.F_TRIG_2.Q	
Controller.Micro830.Micro830.Main.HumidorLogic_2.F_TRIG_3.CLK	
Controller.Micro830.Micro830.Main.HumidorLogic_2.F_TRIG_3.Fedge	
Controller.Micro830.Micro830.Main.HumidorLogic_2.F_TRIG_3.Q	
Controller.Micro830.Micro830.Main.HumidorLogic_2.F_TRIG_4.CLK	
Controller.Micro830.Micro830.Main.HumidorLogic_2.F_TRIG_4.Fedge	
Controller.Micro830.Micro830.Main.HumidorLogic_2.F_TRIG_4.Q	
Controller.Micro830.Micro830.Main.HumidorLogic_2.Power_OUT	
Controller.Micro830.Micro830.Main.HumidorLogic_2.TOF_1.ET	
Controller.Micro830.Micro830.Main.HumidorLogic_2.TOF_1.Fedge	
Controller.Micro830.Micro830.Main.HumidorLogic_2.TOF_1.IN	
Controller.Micro830.Micro830.Main.HumidorLogic_2.TOF_1.Pdate	
Controller.Micro830.Micro830.Main.HumidorLogic_2.TOF_1.PT	
Controller.Micro830.Micro830.Main.HumidorLogic_2.TOF_1.Q	
Controller.Micro830.Micro830.Main.HumidorLogic_2.TOF_2.ET	
Controller.Micro830.Micro830.Main.HumidorLogic_2.TOF_2.Fedge	
Controller.Micro830.Micro830.Main.HumidorLogic_2.TOF_2.IN	
Controller.Micro830.Micro830.Main.HumidorLogic_2.TOF_2.Pdate	
Controller.Micro830.Micro830.Main.HumidorLogic_2.TOF_2.PT	
Controller.Micro830.Micro830.Main.HumidorLogic_2.TOF_2.Q	
Controller.Micro830.Micro830.Main.Lowbeams	
Controller.Micro830.Micro830.Main.MultiWindowLogic_1.F_TRIG_1.CLK	
Controller.Micro830.Micro830.Main.MultiWindowLogic_1.F_TRIG_1.Fedge	
Controller.Micro830.Micro830.Main.MultiWindowLogic_1.F_TRIG_1.Q	
Controller.Micro830.Micro830.Main.MultiWindowLogic_1.F_TRIG_2.CLK	
Controller.Micro830.Micro830.Main.MultiWindowLogic_1.F_TRIG_2.Fedge	
Controller.Micro830.Micro830.Main.MultiWindowLogic_1.F_TRIG_2.Q	
Controller.Micro830.Micro830.Main.MultiWindowLogic_1.FD_Down_Power	
Controller.Micro830.Micro830.Main.MultiWindowLogic_1.FD_UP_Power	
Controller.Micro830.Micro830.Main.MultiWindowLogic_1.FP_Down_Power	
Controller.Micro830.Micro830.Main.MultiWindowLogic_1.FP_Up_Power	
Controller.Micro830.Micro830.Main.MultiWindowLogic_1.RD_Down_Power	
Controller.Micro830.Micro830.Main.MultiWindowLogic_1.RD_Up_Power	
Controller.Micro830.Micro830.Main.MultiWindowLogic_1.RP_Down_Power	
Controller.Micro830.Micro830.Main.MultiWindowLogic_1.RP_Up_Power	
Controller.Micro830.Micro830.Main.MultiWindowLogic_1.TOF_1.ET	
Controller.Micro830.Micro830.Main.MultiWindowLogic_1.TOF_1.Fedge	
Controller.Micro830.Micro830.Main.MultiWindowLogic_1.TOF_1.IN	
Controller.Micro830.Micro830.Main.MultiWindowLogic_1.TOF_1.Pdate	
Controller.Micro830.Micro830.Main.MultiWindowLogic_1.TOF_1.PT	
Controller.Micro830.Micro830.Main.MultiWindowLogic_1.TOF_1.Q	
Controller.Micro830.Micro830.Main.MultiWindowLogic_1.TOF_2.ET	
Controller.Micro830.Micro830.Main.MultiWindowLogic_1.TOF_2.Fedge	
Controller.Micro830.Micro830.Main.MultiWindowLogic_1.TOF_2.IN	
Controller.Micro830.Micro830.Main.MultiWindowLogic_1.TOF_2.Pdate	
Controller.Micro830.Micro830.Main.MultiWindowLogic_1.TOF_2.PT	
Controller.Micro830.Micro830.Main.MultiWindowLogic_1.TOF_2.Q	
Controller.Micro830.Micro830.Main.MultiWindowLogic_1.ToggleTime_1.Enable	
Controller.Micro830.Micro830.Main.MultiWindowLogic_1.ToggleTime_1.Input	
Controller.Micro830.Micro830.Main.MultiWindowLogic_1.ToggleTime_1.Output	
Controller.Micro830.Micro830.Main.MultiWindowLogic_1.ToggleTime_2.Enable	
Controller.Micro830.Micro830.Main.MultiWindowLogic_1.ToggleTime_2.Input	
Controller.Micro830.Micro830.Main.MultiWindowLogic_1.ToggleTime_2.Output	
Controller.Micro830.Micro830.Main.MultiWindowLogic_1.TON_1.ET	
Controller.Micro830.Micro830.Main.MultiWindowLogic_1.TON_1.IN	
Controller.Micro830.Micro830.Main.MultiWindowLogic_1.TON_1.Pdate	
Controller.Micro830.Micro830.Main.MultiWindowLogic_1.TON_1.PT	
Controller.Micro830.Micro830.Main.MultiWindowLogic_1.TON_1.Q	
Controller.Micro830.Micro830.Main.MultiWindowLogic_1.TON_1.Redge	
Controller.Micro830.Micro830.Main.MultiWindowLogic_1.TON_5.ET	
Controller.Micro830.Micro830.Main.MultiWindowLogic_1.TON_5.IN	
Controller.Micro830.Micro830.Main.MultiWindowLogic_1.TON_5.Pdate	
Controller.Micro830.Micro830.Main.MultiWindowLogic_1.TON_5.PT	
Controller.Micro830.Micro830.Main.MultiWindowLogic_1.TON_5.Q	
Controller.Micro830.Micro830.Main.MultiWindowLogic_1.TON_5.Redge	
Controller.Micro830.Micro830.Main.MultiWindowLogic_1.Window_FD_Dir_OUT	
Controller.Micro830.Micro830.Main.MultiWindowLogic_1.Window_FD_IN	
Controller.Micro830.Micro830.Main.MultiWindowLogic_1.Window_FD_Limit_IN	
Controller.Micro830.Micro830.Main.MultiWindowLogic_1.Window_FD_Power_OUT	
Controller.Micro830.Micro830.Main.MultiWindowLogic_1.Window_FP_Dir_OUT	
Controller.Micro830.Micro830.Main.MultiWindowLogic_1.Window_FP_IN	
Controller.Micro830.Micro830.Main.MultiWindowLogic_1.Window_FP_Limit_IN	
Controller.Micro830.Micro830.Main.MultiWindowLogic_1.Window_FP_Power_OUT	
Controller.Micro830.Micro830.Main.MultiWindowLogic_1.Window_RD_Dir_OUT	
Controller.Micro830.Micro830.Main.MultiWindowLogic_1.Window_RD_IN	
Controller.Micro830.Micro830.Main.MultiWindowLogic_1.Window_RD_Limit_IN	
Controller.Micro830.Micro830.Main.MultiWindowLogic_1.Window_RD_Power_OUT	
Controller.Micro830.Micro830.Main.MultiWindowLogic_1.Window_RP_Dir_OUT	
Controller.Micro830.Micro830.Main.MultiWindowLogic_1.Window_RP_IN	
Controller.Micro830.Micro830.Main.MultiWindowLogic_1.Window_RP_Limit_IN	
Controller.Micro830.Micro830.Main.MultiWindowLogic_1.Window_RP_Power_OUT	
Controller.Micro830.Micro830.Main.RisingEdge	
Controller.Micro830.Micro830.Main.SingleWindowLogic_1.F_TRIG_1.CLK	
Controller.Micro830.Micro830.Main.SingleWindowLogic_1.F_TRIG_1.Fedge	
Controller.Micro830.Micro830.Main.SingleWindowLogic_1.F_TRIG_1.Q	
Controller.Micro830.Micro830.Main.SingleWindowLogic_1.F_TRIG_2.CLK	
Controller.Micro830.Micro830.Main.SingleWindowLogic_1.F_TRIG_2.Fedge	
Controller.Micro830.Micro830.Main.SingleWindowLogic_1.F_TRIG_2.Q	
Controller.Micro830.Micro830.Main.SingleWindowLogic_1.F_TRIG_3.CLK	
Controller.Micro830.Micro830.Main.SingleWindowLogic_1.F_TRIG_3.Fedge	
Controller.Micro830.Micro830.Main.SingleWindowLogic_1.F_TRIG_3.Q	
Controller.Micro830.Micro830.Main.SingleWindowLogic_1.TOF_1.ET	
Controller.Micro830.Micro830.Main.SingleWindowLogic_1.TOF_1.Fedge	
Controller.Micro830.Micro830.Main.SingleWindowLogic_1.TOF_1.IN	
Controller.Micro830.Micro830.Main.SingleWindowLogic_1.TOF_1.Pdate	
Controller.Micro830.Micro830.Main.SingleWindowLogic_1.TOF_1.PT	
Controller.Micro830.Micro830.Main.SingleWindowLogic_1.TOF_1.Q	
Controller.Micro830.Micro830.Main.SingleWindowLogic_1.TON_1.ET	
Controller.Micro830.Micro830.Main.SingleWindowLogic_1.TON_1.IN	
Controller.Micro830.Micro830.Main.SingleWindowLogic_1.TON_1.Pdate	
Controller.Micro830.Micro830.Main.SingleWindowLogic_1.TON_1.PT	
Controller.Micro830.Micro830.Main.SingleWindowLogic_1.TON_1.Q	
Controller.Micro830.Micro830.Main.SingleWindowLogic_1.TON_1.Redge	
Controller.Micro830.Micro830.Main.SingleWindowLogic_1.TON_2.ET	
Controller.Micro830.Micro830.Main.SingleWindowLogic_1.TON_2.IN	
Controller.Micro830.Micro830.Main.SingleWindowLogic_1.TON_2.Pdate	
Controller.Micro830.Micro830.Main.SingleWindowLogic_1.TON_2.PT	
Controller.Micro830.Micro830.Main.SingleWindowLogic_1.TON_2.Q	
Controller.Micro830.Micro830.Main.SingleWindowLogic_1.TON_2.Redge	
Controller.Micro830.Micro830.Main.SingleWindowLogic_1.Window_button_IN	
Controller.Micro830.Micro830.Main.SingleWindowLogic_1.Window_Dir_OUT	
Controller.Micro830.Micro830.Main.SingleWindowLogic_1.Window_Power_OUT	
Controller.Micro830.Micro830.Main.SingleWindowLogic_1.Window_shortPressed	
Controller.Micro830.Micro830.Main.SingleWindowLogic_2.F_TRIG_1.CLK	
Controller.Micro830.Micro830.Main.SingleWindowLogic_2.F_TRIG_1.Fedge	
Controller.Micro830.Micro830.Main.SingleWindowLogic_2.F_TRIG_1.Q	
Controller.Micro830.Micro830.Main.SingleWindowLogic_2.F_TRIG_2.CLK	
Controller.Micro830.Micro830.Main.SingleWindowLogic_2.F_TRIG_2.Fedge	
Controller.Micro830.Micro830.Main.SingleWindowLogic_2.F_TRIG_2.Q	
Controller.Micro830.Micro830.Main.SingleWindowLogic_2.F_TRIG_3.CLK	
Controller.Micro830.Micro830.Main.SingleWindowLogic_2.F_TRIG_3.Fedge	
Controller.Micro830.Micro830.Main.SingleWindowLogic_2.F_TRIG_3.Q	
Controller.Micro830.Micro830.Main.SingleWindowLogic_2.TOF_1.ET	
Controller.Micro830.Micro830.Main.SingleWindowLogic_2.TOF_1.Fedge	
Controller.Micro830.Micro830.Main.SingleWindowLogic_2.TOF_1.IN	
Controller.Micro830.Micro830.Main.SingleWindowLogic_2.TOF_1.Pdate	
Controller.Micro830.Micro830.Main.SingleWindowLogic_2.TOF_1.PT	
Controller.Micro830.Micro830.Main.SingleWindowLogic_2.TOF_1.Q	
Controller.Micro830.Micro830.Main.SingleWindowLogic_2.TON_1.ET	
Controller.Micro830.Micro830.Main.SingleWindowLogic_2.TON_1.IN	
Controller.Micro830.Micro830.Main.SingleWindowLogic_2.TON_1.Pdate	
Controller.Micro830.Micro830.Main.SingleWindowLogic_2.TON_1.PT	
Controller.Micro830.Micro830.Main.SingleWindowLogic_2.TON_1.Q	
Controller.Micro830.Micro830.Main.SingleWindowLogic_2.TON_1.Redge	
Controller.Micro830.Micro830.Main.SingleWindowLogic_2.TON_2.ET	
Controller.Micro830.Micro830.Main.SingleWindowLogic_2.TON_2.IN	
Controller.Micro830.Micro830.Main.SingleWindowLogic_2.TON_2.Pdate	
Controller.Micro830.Micro830.Main.SingleWindowLogic_2.TON_2.PT	
Controller.Micro830.Micro830.Main.SingleWindowLogic_2.TON_2.Q	
Controller.Micro830.Micro830.Main.SingleWindowLogic_2.TON_2.Redge	
Controller.Micro830.Micro830.Main.SingleWindowLogic_2.Window_button_IN	
Controller.Micro830.Micro830.Main.SingleWindowLogic_2.Window_Dir_OUT	
Controller.Micro830.Micro830.Main.SingleWindowLogic_2.Window_Power_OUT	
Controller.Micro830.Micro830.Main.SingleWindowLogic_2.Window_shortPressed	
Controller.Micro830.Micro830.Main.SingleWindowLogic_3.F_TRIG_1.CLK	
Controller.Micro830.Micro830.Main.SingleWindowLogic_3.F_TRIG_1.Fedge	
Controller.Micro830.Micro830.Main.SingleWindowLogic_3.F_TRIG_1.Q	
Controller.Micro830.Micro830.Main.SingleWindowLogic_3.F_TRIG_2.CLK	
Controller.Micro830.Micro830.Main.SingleWindowLogic_3.F_TRIG_2.Fedge	
Controller.Micro830.Micro830.Main.SingleWindowLogic_3.F_TRIG_2.Q	
Controller.Micro830.Micro830.Main.SingleWindowLogic_3.F_TRIG_3.CLK	
Controller.Micro830.Micro830.Main.SingleWindowLogic_3.F_TRIG_3.Fedge	
Controller.Micro830.Micro830.Main.SingleWindowLogic_3.F_TRIG_3.Q	
Controller.Micro830.Micro830.Main.SingleWindowLogic_3.TOF_1.ET	
Controller.Micro830.Micro830.Main.SingleWindowLogic_3.TOF_1.Fedge	
Controller.Micro830.Micro830.Main.SingleWindowLogic_3.TOF_1.IN	
Controller.Micro830.Micro830.Main.SingleWindowLogic_3.TOF_1.Pdate	
Controller.Micro830.Micro830.Main.SingleWindowLogic_3.TOF_1.PT	
Controller.Micro830.Micro830.Main.SingleWindowLogic_3.TOF_1.Q	
Controller.Micro830.Micro830.Main.SingleWindowLogic_3.TON_1.ET	
Controller.Micro830.Micro830.Main.SingleWindowLogic_3.TON_1.IN	
Controller.Micro830.Micro830.Main.SingleWindowLogic_3.TON_1.Pdate	
Controller.Micro830.Micro830.Main.SingleWindowLogic_3.TON_1.PT	
Controller.Micro830.Micro830.Main.SingleWindowLogic_3.TON_1.Q	
Controller.Micro830.Micro830.Main.SingleWindowLogic_3.TON_1.Redge	
Controller.Micro830.Micro830.Main.SingleWindowLogic_3.TON_2.ET	
Controller.Micro830.Micro830.Main.SingleWindowLogic_3.TON_2.IN	
Controller.Micro830.Micro830.Main.SingleWindowLogic_3.TON_2.Pdate	
Controller.Micro830.Micro830.Main.SingleWindowLogic_3.TON_2.PT	
Controller.Micro830.Micro830.Main.SingleWindowLogic_3.TON_2.Q	
Controller.Micro830.Micro830.Main.SingleWindowLogic_3.TON_2.Redge	
Controller.Micro830.Micro830.Main.SingleWindowLogic_3.Window_button_IN	
Controller.Micro830.Micro830.Main.SingleWindowLogic_3.Window_Dir_OUT	
Controller.Micro830.Micro830.Main.SingleWindowLogic_3.Window_Power_OUT	
Controller.Micro830.Micro830.Main.SingleWindowLogic_3.Window_shortPressed	
Controller.Micro830.Micro830.Main.SingleWindowLogic_4.F_TRIG_1.CLK	
Controller.Micro830.Micro830.Main.SingleWindowLogic_4.F_TRIG_1.Fedge	
Controller.Micro830.Micro830.Main.SingleWindowLogic_4.F_TRIG_1.Q	
Controller.Micro830.Micro830.Main.SingleWindowLogic_4.F_TRIG_2.CLK	
Controller.Micro830.Micro830.Main.SingleWindowLogic_4.F_TRIG_2.Fedge	
Controller.Micro830.Micro830.Main.SingleWindowLogic_4.F_TRIG_2.Q	
Controller.Micro830.Micro830.Main.SingleWindowLogic_4.F_TRIG_3.CLK	
Controller.Micro830.Micro830.Main.SingleWindowLogic_4.F_TRIG_3.Fedge	
Controller.Micro830.Micro830.Main.SingleWindowLogic_4.F_TRIG_3.Q	
Controller.Micro830.Micro830.Main.SingleWindowLogic_4.TOF_1.ET	
Controller.Micro830.Micro830.Main.SingleWindowLogic_4.TOF_1.Fedge	
Controller.Micro830.Micro830.Main.SingleWindowLogic_4.TOF_1.IN	
Controller.Micro830.Micro830.Main.SingleWindowLogic_4.TOF_1.Pdate	
Controller.Micro830.Micro830.Main.SingleWindowLogic_4.TOF_1.PT	
Controller.Micro830.Micro830.Main.SingleWindowLogic_4.TOF_1.Q	
Controller.Micro830.Micro830.Main.SingleWindowLogic_4.TON_1.ET	
Controller.Micro830.Micro830.Main.SingleWindowLogic_4.TON_1.IN	
Controller.Micro830.Micro830.Main.SingleWindowLogic_4.TON_1.Pdate	
Controller.Micro830.Micro830.Main.SingleWindowLogic_4.TON_1.PT	
Controller.Micro830.Micro830.Main.SingleWindowLogic_4.TON_1.Q	
Controller.Micro830.Micro830.Main.SingleWindowLogic_4.TON_1.Redge	
Controller.Micro830.Micro830.Main.SingleWindowLogic_4.TON_2.ET	
Controller.Micro830.Micro830.Main.SingleWindowLogic_4.TON_2.IN	
Controller.Micro830.Micro830.Main.SingleWindowLogic_4.TON_2.Pdate	
Controller.Micro830.Micro830.Main.SingleWindowLogic_4.TON_2.PT	
Controller.Micro830.Micro830.Main.SingleWindowLogic_4.TON_2.Q	
Controller.Micro830.Micro830.Main.SingleWindowLogic_4.TON_2.Redge	
Controller.Micro830.Micro830.Main.SingleWindowLogic_4.Window_button_IN	
Controller.Micro830.Micro830.Main.SingleWindowLogic_4.Window_Dir_OUT	
Controller.Micro830.Micro830.Main.SingleWindowLogic_4.Window_Power_OUT	
Controller.Micro830.Micro830.Main.SingleWindowLogic_4.Window_shortPressed	
Controller.Micro830.Micro830.Main.ThreeButtonSeq_1.F_TRIG_1.CLK	
Controller.Micro830.Micro830.Main.ThreeButtonSeq_1.F_TRIG_1.Fedge	
Controller.Micro830.Micro830.Main.ThreeButtonSeq_1.F_TRIG_1.Q	
Controller.Micro830.Micro830.Main.ThreeButtonSeq_1.F_TRIG_2.CLK	
Controller.Micro830.Micro830.Main.ThreeButtonSeq_1.F_TRIG_2.Fedge	
Controller.Micro830.Micro830.Main.ThreeButtonSeq_1.F_TRIG_2.Q	
Controller.Micro830.Micro830.Main.ThreeButtonSeq_1.F_TRIG_3.CLK	
Controller.Micro830.Micro830.Main.ThreeButtonSeq_1.F_TRIG_3.Fedge	
Controller.Micro830.Micro830.Main.ThreeButtonSeq_1.F_TRIG_3.Q	
Controller.Micro830.Micro830.Main.ThreeButtonSeq_1.First	
Controller.Micro830.Micro830.Main.ThreeButtonSeq_1.Out	
Controller.Micro830.Micro830.Main.ThreeButtonSeq_1.Second	
Controller.Micro830.Micro830.Main.ThreeButtonSeq_1.Third	
Controller.Micro830.Micro830.Main.ThreeButtonSeq_1.TOF_1.ET	
Controller.Micro830.Micro830.Main.ThreeButtonSeq_1.TOF_1.Fedge	
Controller.Micro830.Micro830.Main.ThreeButtonSeq_1.TOF_1.IN	
Controller.Micro830.Micro830.Main.ThreeButtonSeq_1.TOF_1.Pdate	
Controller.Micro830.Micro830.Main.ThreeButtonSeq_1.TOF_1.PT	
Controller.Micro830.Micro830.Main.ThreeButtonSeq_1.TOF_1.Q	
Controller.Micro830.Micro830.Main.ThreeButtonSeq_1.TOF_2.ET	
Controller.Micro830.Micro830.Main.ThreeButtonSeq_1.TOF_2.Fedge	
Controller.Micro830.Micro830.Main.ThreeButtonSeq_1.TOF_2.IN	
Controller.Micro830.Micro830.Main.ThreeButtonSeq_1.TOF_2.Pdate	
Controller.Micro830.Micro830.Main.ThreeButtonSeq_1.TOF_2.PT	
Controller.Micro830.Micro830.Main.ThreeButtonSeq_1.TOF_2.Q	
Controller.Micro830.Micro830.Main.ThreeButtonSeq_1.TOF_3.ET	
Controller.Micro830.Micro830.Main.ThreeButtonSeq_1.TOF_3.Fedge	
Controller.Micro830.Micro830.Main.ThreeButtonSeq_1.TOF_3.IN	
Controller.Micro830.Micro830.Main.ThreeButtonSeq_1.TOF_3.Pdate	
Controller.Micro830.Micro830.Main.ThreeButtonSeq_1.TOF_3.PT	
Controller.Micro830.Micro830.Main.ThreeButtonSeq_1.TOF_3.Q	
Controller.Micro830.Micro830.Main.TOF_1.ET	
Controller.Micro830.Micro830.Main.TOF_1.Fedge	
Controller.Micro830.Micro830.Main.TOF_1.IN	
Controller.Micro830.Micro830.Main.TOF_1.Pdate	
Controller.Micro830.Micro830.Main.TOF_1.PT	
Controller.Micro830.Micro830.Main.TOF_1.Q	
Controller.Micro830.Micro830.Main.TOF_2.ET	
Controller.Micro830.Micro830.Main.TOF_2.Fedge	
Controller.Micro830.Micro830.Main.TOF_2.IN	
Controller.Micro830.Micro830.Main.TOF_2.Pdate	
Controller.Micro830.Micro830.Main.TOF_2.PT	
Controller.Micro830.Micro830.Main.TOF_2.Q	
Controller.Micro830.Micro830.Main.TON_2.ET	
Controller.Micro830.Micro830.Main.TON_2.IN	
Controller.Micro830.Micro830.Main.TON_2.Pdate	
Controller.Micro830.Micro830.Main.TON_2.PT	
Controller.Micro830.Micro830.Main.TON_2.Q	
Controller.Micro830.Micro830.Main.TON_2.Redge	
Controller.Micro830.Micro830.Main.TON_3.ET	
Controller.Micro830.Micro830.Main.TON_3.IN	
Controller.Micro830.Micro830.Main.TON_3.Pdate	
Controller.Micro830.Micro830.Main.TON_3.PT	
Controller.Micro830.Micro830.Main.TON_3.Q	
Controller.Micro830.Micro830.Main.TON_3.Redge	
Controller.Micro830.Micro830.Main.TON_7.ET	
Controller.Micro830.Micro830.Main.TON_7.IN	
Controller.Micro830.Micro830.Main.TON_7.Pdate	
Controller.Micro830.Micro830.Main.TON_7.PT	
Controller.Micro830.Micro830.Main.TON_7.Q	
Controller.Micro830.Micro830.Main.TON_7.Redge	
Controller.Micro830.Micro830.Main.TON_8.ET	
Controller.Micro830.Micro830.Main.TON_8.IN	
Controller.Micro830.Micro830.Main.TON_8.Pdate	
Controller.Micro830.Micro830.Main.TON_8.PT	
Controller.Micro830.Micro830.Main.TON_8.Q	
Controller.Micro830.Micro830.Main.TON_8.Redge	
Controller.Micro830.Micro830.Main.TON_9.ET	
Controller.Micro830.Micro830.Main.TON_9.IN	
Controller.Micro830.Micro830.Main.TON_9.Pdate	
Controller.Micro830.Micro830.Main.TON_9.PT	
Controller.Micro830.Micro830.Main.TON_9.Q	
Controller.Micro830.Micro830.Main.TON_9.Redge	
Controller.Micro830.Micro830.Main.WiperLogic_1.button_IN	
Controller.Micro830.Micro830.Main.WiperLogic_1.F_TRIG_1.CLK	
Controller.Micro830.Micro830.Main.WiperLogic_1.F_TRIG_1.Fedge	
Controller.Micro830.Micro830.Main.WiperLogic_1.F_TRIG_1.Q	
Controller.Micro830.Micro830.Main.WiperLogic_1.F_TRIG_2.CLK	
Controller.Micro830.Micro830.Main.WiperLogic_1.F_TRIG_2.Fedge	
Controller.Micro830.Micro830.Main.WiperLogic_1.F_TRIG_2.Q	
Controller.Micro830.Micro830.Main.WiperLogic_1.Power_OUT	
Controller.Micro830.Micro830.Main.WiperLogic_1.Running	
